category,page,i,j,true_partial_correlation,true_nonzero,zero_tolerance,RB_CSMC_pc_ess,CSMC_pc_ess,GUEANT_pc_ess
nonzero,1,1,3,0.8000000289229849,True,1e-08,8.491029463693865,99.9028428611384,99.9028428611384
nonzero,1,4,12,-0.8000000239217342,True,1e-08,3.908137809881506,63.402808617707535,63.09912392866347
nonzero,1,6,8,-0.7999999740009174,True,1e-08,9.215446710015659,120.54620049713543,120.65101183739937
nonzero,1,7,10,-0.8000000205744412,True,1e-08,12.69731860418376,200.0,200.0
nonzero,2,11,14,-0.8000000249738021,True,1e-08,27.37645037465184,86.52814183548537,86.50979816354949
nonzero,2,13,16,0.8000000247578186,True,1e-08,2.270630230776661,94.24961065995404,94.28522315380857
zero,1,4,5,-0.0,False,1e-08,10.141190630731954,84.55064130709322,84.60808981374674
zero,1,15,19,-0.0,False,1e-08,37.28717201819588,109.77753493880671,109.77753493880671
zero,1,16,19,0.0,False,1e-08,67.3242327290787,167.11304494395517,167.10059636599803
zero,1,17,18,-0.0,False,1e-08,59.863327464732194,92.33417665752184,92.39723007173302
worst_mixing,1,2,6,-0.0,False,1e-08,118.4575915900683,26.650567782877715,26.167483869040296
worst_mixing,1,4,9,-0.0,False,1e-08,1.8876615597288566,77.45820529517047,75.94959744092588
worst_mixing,1,5,9,-0.0,False,1e-08,1.7037209344512125,88.1569643929299,88.07824449863989
worst_mixing,1,5,16,-0.0,False,1e-08,2.038050581796155,97.62609157168083,97.48554610925768
worst_mixing,2,8,12,-0.0,False,1e-08,94.02650124218718,28.54423773737882,28.54423773737882
worst_mixing,2,8,14,-0.0,False,1e-08,61.332611871987105,6.25339547290904,6.289836677433779
