path,configuration,regime,kernel,D,T,steps,N,samples,burnin,seed,backward,H_mae,H_relative_frobenius,H_diagonal_mae,H_off_diagonal_mae,partial_correlation_mae,retained_posterior_draws,thin,dataset_id,diagonal_relative_ess_median,diagonal_relative_ess_p10,diagonal_valid_ess_entries,off_diagonal_relative_ess_median,off_diagonal_relative_ess_p10,off_diagonal_valid_ess_entries,pc_nonzero_relative_ess_median,pc_nonzero_relative_ess_p10,pc_nonzero_entries,pc_nonzero_invalid_ess_entries,pc_zero_relative_ess_median,pc_zero_relative_ess_p10,pc_zero_entries,pc_zero_invalid_ess_entries,ess_method,pc_zero_tolerance,replacement_rate,replacement_windows,nominal_observations_per_bond_per_day
"/home/james/projects/coordinate-rbsmc/experiments/synth/sparse/results/kernel=CSMC,D=10,T=711,steps=2366,N=31,samples=2000,burnin=4000,seed=1234,backward=ffbsi/data.npz",T=711_N=31_burnin=4000_samples=2000_thin=20,One observation per bond every 3 days,CSMC,10,711,2366,31,2000,4000,1234,ffbsi,0.04657946369606518,0.9267019188691976,0.293528678174641,0.019140662087334528,0.05333333501209799,100,20,16434407ed2e7fd6,0.0720337413552681,0.021303167525358404,10,0.9118045856919151,0.5874888045485877,45,1.0059296877499693,0.6593592389235493,3,0,0.9081537577598119,0.6195609322530551,42,0,bulk,1e-08,0.03345465035961438,95,0.33323943661971833
"/home/james/projects/coordinate-rbsmc/experiments/synth/sparse/results/kernel=CSMC,D=15,T=711,steps=3550,N=31,samples=2000,burnin=4000,seed=1234,backward=ffbsi/data.npz",T=711_N=31_burnin=4000_samples=2000_thin=20,One observation per bond every 3 days,CSMC,15,711,3550,31,2000,4000,1234,ffbsi,0.05189409709581878,1.8717945468850028,0.5669277116570591,0.015105981770015903,0.038095238301187065,100,20,5f7875e73decc103,0.1636536129015603,0.018049280667938174,15,0.8759149708333015,0.48939141395356456,105,0.8055449888789223,0.3776615599407838,5,0,0.8779094951602091,0.4942467212332506,100,0,bulk,1e-08,0.018136447794362954,95,0.3333333333333333
"/home/james/projects/coordinate-rbsmc/experiments/synth/sparse/results/kernel=CSMC,D=20,T=711,steps=4733,N=31,samples=2000,burnin=4000,seed=1234,backward=ffbsi/data.npz",T=711_N=31_burnin=4000_samples=2000_thin=20,One observation per bond every 3 days,CSMC,20,711,4733,31,2000,4000,1234,ffbsi,0.020845362953270996,0.930926874712584,0.2501501880472009,0.008776687948327316,0.025263158406061567,100,20,aa6d5a25d0fff6a2,0.16976098467620354,0.0632166180180993,20,0.977913382295891,0.6015742425305914,190,0.9707622676054621,0.7496547522659646,6,0,0.979521908754281,0.6063401803137236,184,0,bulk,1e-08,0.010530451584141091,95,0.33330985915492956
"/home/james/projects/coordinate-rbsmc/experiments/synth/sparse/results/kernel=CSMC,D=3,T=711,steps=710,N=31,samples=2000,burnin=4000,seed=1234,backward=ffbsi/data.npz",T=711_N=31_burnin=4000_samples=2000_thin=20,One observation per bond every 3 days,CSMC,3,711,710,31,2000,4000,1234,ffbsi,0.02087902062834419,0.07021203040473294,0.029192113236794447,0.016722474324119063,0.12238555625313746,100,20,17ae9b0bf19bca63,0.07628472402981734,0.029129953479034437,3,0.03537908863535446,0.02966202044586065,3,0.01852702001035521,0.017569801483550633,3,0,nan,nan,0,0,bulk,1e-08,0.28397779230435694,95,0.3333333333333333
"/home/james/projects/coordinate-rbsmc/experiments/synth/sparse/results/kernel=CSMC,D=50,T=711,steps=11833,N=31,samples=2000,burnin=4000,seed=1234,backward=ffbsi/data.npz",T=711_N=31_burnin=4000_samples=2000_thin=20,One observation per bond every 3 days,CSMC,50,711,11833,31,2000,4000,1234,ffbsi,0.0198641232688701,2.540268671543754,0.6233694826559654,0.007547687363011014,0.0170085776095348,100,20,c3207bda7b2ae0d5,0.2670297774064878,0.03471714540601446,50,0.7553373969245192,0.10291712966297803,1225,0.8297859316454123,0.05312805172779389,16,0,0.7524978868332001,0.11907363080922612,1209,0,bulk,1e-08,0.00529079458657482,95,0.3333239436619718
"/home/james/projects/coordinate-rbsmc/experiments/synth/sparse/results/kernel=GUEANT,D=10,T=711,steps=2366,N=31,samples=2000,burnin=4000,seed=1234,backward=ffbsi/data.npz",T=711_N=31_burnin=4000_samples=2000_thin=20,One observation per bond every 3 days,GUEANT,10,711,2366,31,2000,4000,1234,ffbsi,0.05307128855194586,0.7743188182237848,0.17618706648853802,0.03939175767010228,0.07362530298558358,100,20,16434407ed2e7fd6,0.0247983334440031,0.018778501246734802,10,0.10921374059289611,0.0265471795308072,45,0.01799126776508372,0.015452937360611907,3,0,0.12848625444483264,0.034876466869689,42,0,bulk,1e-08,0.06329277545528303,95,0.33323943661971833
"/home/james/projects/coordinate-rbsmc/experiments/synth/sparse/results/kernel=GUEANT,D=15,T=711,steps=3550,N=31,samples=2000,burnin=4000,seed=1234,backward=ffbsi/data.npz",T=711_N=31_burnin=4000_samples=2000_thin=20,One observation per bond every 3 days,GUEANT,15,711,3550,31,2000,4000,1234,ffbsi,0.12319755978689766,7.546924582745125,1.6364796520232423,0.015105981770015903,0.038095238301187065,100,20,5f7875e73decc103,0.06360008496184053,0.017657756370550885,15,0.8786528417143409,0.48902555791343305,105,0.8056649824380906,0.3775668756234972,5,0,0.8790175602813117,0.49408990743481757,100,0,bulk,1e-08,0.019778535180307887,95,0.3333333333333333
"/home/james/projects/coordinate-rbsmc/experiments/synth/sparse/results/kernel=GUEANT,D=20,T=711,steps=4733,N=31,samples=2000,burnin=4000,seed=1234,backward=ffbsi/data.npz",T=711_N=31_burnin=4000_samples=2000_thin=20,One observation per bond every 3 days,GUEANT,20,711,4733,31,2000,4000,1234,ffbsi,0.03514897532966439,1.7496532900681676,0.5362224355750689,0.008776687948327316,0.025263158406061567,100,20,aa6d5a25d0fff6a2,0.0521564883878539,0.022878466708216656,20,0.978248112910221,0.6229913589074009,190,0.9709403300747348,0.7480446104610647,6,0,0.9788191814421654,0.6059588188208702,184,0,bulk,1e-08,0.009855424284705051,95,0.33330985915492956
"/home/james/projects/coordinate-rbsmc/experiments/synth/sparse/results/kernel=GUEANT,D=3,T=711,steps=710,N=31,samples=2000,burnin=4000,seed=1234,backward=ffbsi/data.npz",T=711_N=31_burnin=4000_samples=2000_thin=20,One observation per bond every 3 days,GUEANT,3,711,710,31,2000,4000,1234,ffbsi,0.08511676664121014,0.26188120740804666,0.09917647629385568,0.07808691181488735,0.15722147711175943,100,20,17ae9b0bf19bca63,0.46630619691428654,0.4366848659016243,3,0.5148003915964209,0.5021629665335795,3,0.13160804972734388,0.11047433825382787,3,0,nan,nan,0,0,bulk,1e-08,0.7760004436253213,95,0.3333333333333333
"/home/james/projects/coordinate-rbsmc/experiments/synth/sparse/results/kernel=GUEANT,D=50,T=711,steps=11833,N=31,samples=2000,burnin=4000,seed=1234,backward=ffbsi/data.npz",T=711_N=31_burnin=4000_samples=2000_thin=20,One observation per bond every 3 days,GUEANT,50,711,11833,31,2000,4000,1234,ffbsi,0.023828337663517232,3.473012917874093,0.8499725514119385,0.006968251668651495,0.014013122981563392,100,20,c3207bda7b2ae0d5,0.37279784739369964,0.0571883442201072,50,0.8358847380989283,0.2290400963532373,1225,0.883628910960471,0.37632474606895705,16,0,0.8496630603039482,0.2426438835556109,1209,0,bulk,1e-08,0.0012522437581740202,95,0.3333239436619718
"/home/james/projects/coordinate-rbsmc/experiments/synth/sparse/results/kernel=RB_CSMC,D=10,T=711,steps=2366,N=31,samples=2000,burnin=4000,seed=1234,backward=reduced/data.npz",T=711_N=31_burnin=4000_samples=2000_thin=20,One observation per bond every 3 days,RB_CSMC,10,711,2366,31,2000,4000,1234,reduced,0.01951984920528704,0.21672889770161002,0.028616564482326006,0.01850910306339382,0.039946854171450864,100,20,16434407ed2e7fd6,0.27875546390673583,0.13813200315445084,10,0.40062260918478176,0.14417717587587353,45,0.16099863143705428,0.13823145409291446,3,0,0.4722440644328876,0.14286235451739954,42,0,bulk,1e-08,0.46975194021806466,95,0.33323943661971833
"/home/james/projects/coordinate-rbsmc/experiments/synth/sparse/results/kernel=RB_CSMC,D=15,T=711,steps=3550,N=31,samples=2000,burnin=4000,seed=1234,backward=reduced/data.npz",T=711_N=31_burnin=4000_samples=2000_thin=20,One observation per bond every 3 days,RB_CSMC,15,711,3550,31,2000,4000,1234,reduced,0.04470166725514606,0.7473671942170894,0.09688195981461559,0.040974503500898235,0.020801508115778546,100,20,5f7875e73decc103,0.25095986444126434,0.1546159601888399,15,0.3652158064266286,0.09314074292128897,105,0.11829428364984626,0.08202446949951502,5,0,0.718612332387121,0.2522763280050503,100,0,bulk,1e-08,0.5102112082908811,95,0.3333333333333333
"/home/james/projects/coordinate-rbsmc/experiments/synth/sparse/results/kernel=RB_CSMC,D=20,T=711,steps=4733,N=31,samples=2000,burnin=4000,seed=1234,backward=reduced/data.npz",T=711_N=31_burnin=4000_samples=2000_thin=20,One observation per bond every 3 days,RB_CSMC,20,711,4733,31,2000,4000,1234,reduced,0.019399480263767435,0.36003619706336204,0.040345937496490104,0.018297035146255716,0.019845296023891196,100,20,aa6d5a25d0fff6a2,0.23215916911930717,0.09901443247136837,20,0.3193012151540553,0.0928317962469794,190,0.08853238086854762,0.030893840203290834,6,0,0.7038617432213278,0.1741847602735348,184,0,bulk,1e-08,0.42584590757376645,95,0.33330985915492956
"/home/james/projects/coordinate-rbsmc/experiments/synth/sparse/results/kernel=RB_CSMC,D=3,T=711,steps=710,N=31,samples=2000,burnin=4000,seed=1234,backward=reduced/data.npz",T=711_N=31_burnin=4000_samples=2000_thin=20,One observation per bond every 3 days,RB_CSMC,3,711,710,31,2000,4000,1234,reduced,0.016297071557888145,0.07229194120868004,0.01974764242795879,0.014571786122852823,0.19205473406682216,100,20,17ae9b0bf19bca63,0.5398587092211887,0.28647747884001024,3,0.504086326562707,0.2943099956287137,3,0.054351378066835945,0.030867776988025182,3,0,nan,nan,0,0,bulk,1e-08,0.3905091422801158,95,0.3333333333333333
"/home/james/projects/coordinate-rbsmc/experiments/synth/sparse/results/kernel=RB_CSMC,D=50,T=711,steps=11833,N=31,samples=2000,burnin=4000,seed=1234,backward=reduced/data.npz",T=711_N=31_burnin=4000_samples=2000_thin=20,One observation per bond every 3 days,RB_CSMC,50,711,11833,31,2000,4000,1234,reduced,0.021884450384365955,0.7538160135311319,0.06234648853619796,0.02105869450371632,0.006860634131491629,100,20,c3207bda7b2ae0d5,0.14589765710983216,0.04971566906600113,50,0.243960259552769,0.04920536721927127,1225,0.06187169091056463,0.032676269456270286,16,0,0.8077194715225982,0.2845351875966978,1209,0,bulk,1e-08,0.43166561120560365,95,0.3333239436619718
